index,0h 0min,0h 10min,0h 20min,0h 30min,0h 40min,0h 50min,1h 0min,1h 10min,1h 20min,1h 30min,1h 40min,1h 50min,2h 0min,2h 10min,2h 20min,2h 30min,2h 40min,2h 50min,3h 0min,3h 10min,3h 20min,3h 30min,3h 40min,3h 50min,4h 0min,4h 10min,4h 20min,4h 30min,4h 40min,4h 50min,5h 0min,5h 10min,5h 20min,5h 30min,5h 40min,5h 50min,6h 0min,6h 10min,6h 20min,6h 30min,6h 40min,6h 50min,7h 0min,Expression Score,Type,First 30 nt,Opening Energy,Full Sequence
202,1.0,1.0,1.0,1.0,1.0,1.0,1.0,1.0,1.0,1.0,1.0,1.0,1.0,1.0,1.0,1.0,1.0,1.0,1.0,1.0,1.0,1.0,1.0,1.0,1.0,1.0,1.0,1.0,1.0,1.0,1.0,1.0,1.0,1.0,1.0,1.0,1.0,1.0,1.0,1.0,1.0,1.0,1.0,5.78,Optimised,ATGTCGAAGGGTGAAGAACTCTTCACTGGT,21.68,ATGTCGAAGGGTGAAGAACTCTTCACTGGTGTTGTCCCAATTCTTGTTGAATTAGATGGTGATGTTAATGGGCACAAATTTTCTGTCAGTGGAGAGGGTGAAGGTGATGCAACATACGGAAAACTTACCCTTAAATTTATTTGCACTACTGGAAAACTACCTGTTCCATGGCCAACACTTGTCACTACTTTCTCTTATGGTGTTCAATGCTTTTCAAGATACCCAGATCATATGAAACGGCATGACTTTTTCAAGAGTGCCATGCCCGAAGGTTATGTACAGGAAAGAACTATATTTTTCAAAGATGACGGGAACTACAAGACACGTGCTGAAGTCAAGTTTGAAGGTGATACCCTTGTTAATAGAATCGAGTTAAAAGGTATTGATTTTAAAGAAGATGGAAACATTCTTGGACACAAATTGGAATACAACTATAACTCACACAATGTATACATCATGGCAGACAAACAAAAGAATGGAATCAAAGTTAACTTCAAAATTAGACACAACATTGAAGATGGAAGCGTTCAACTAGCAGACCATTATCAACAAAATACTCCAATTGGAGATGGCCCTGTCCTTTTACCAGACAACCATTACCTGTCCACACAATCTGCCCTTTCGAAAGATCCCAACGAAAAGAGAGATCACATGGTCCTTCTTGAGTTTGTAACAGCTGCTGGGATTACACATGGCATGGATGAACTATACAAATAG
203,1.0,1.02,1.0,1.02,1.02,1.01,1.01,1.0,0.99,0.98,0.97,0.98,0.97,0.98,0.98,0.97,0.99,0.98,1.0,1.01,1.03,1.04,1.07,1.1,1.14,1.18,1.22,1.25,1.29,1.33,1.34,1.36,1.36,1.36,1.37,1.35,1.33,1.32,1.29,1.27,1.24,1.22,1.2,7.07,Optimised,ATGAGTAAAGGGGAGGAACTCTTTACCGGG,20.37,ATGAGTAAAGGGGAGGAACTCTTTACCGGGGTTGTCCCAATTCTTGTTGAATTAGATGGTGATGTTAATGGGCACAAATTTTCTGTCAGTGGAGAGGGTGAAGGTGATGCAACATACGGAAAACTTACCCTTAAATTTATTTGCACTACTGGAAAACTACCTGTTCCATGGCCAACACTTGTCACTACTTTCTCTTATGGTGTTCAATGCTTTTCAAGATACCCAGATCATATGAAACGGCATGACTTTTTCAAGAGTGCCATGCCCGAAGGTTATGTACAGGAAAGAACTATATTTTTCAAAGATGACGGGAACTACAAGACACGTGCTGAAGTCAAGTTTGAAGGTGATACCCTTGTTAATAGAATCGAGTTAAAAGGTATTGATTTTAAAGAAGATGGAAACATTCTTGGACACAAATTGGAATACAACTATAACTCACACAATGTATACATCATGGCAGACAAACAAAAGAATGGAATCAAAGTTAACTTCAAAATTAGACACAACATTGAAGATGGAAGCGTTCAACTAGCAGACCATTATCAACAAAATACTCCAATTGGAGATGGCCCTGTCCTTTTACCAGACAACCATTACCTGTCCACACAATCTGCCCTTTCGAAAGATCCCAACGAAAAGAGAGATCACATGGTCCTTCTTGAGTTTGTAACAGCTGCTGGGATTACACATGGCATGGATGAACTATACAAATAG
204,1.01,1.0,1.0,1.0,1.01,1.01,1.02,1.01,1.02,1.01,1.01,1.02,1.0,1.01,0.99,0.99,0.99,1.0,1.0,1.01,1.02,1.01,1.03,1.03,1.04,1.05,1.05,1.05,1.05,1.05,1.04,1.05,1.05,1.04,1.03,1.02,1.01,1.0,0.99,0.99,0.98,0.98,0.98,9.67,Optimised,ATGTCGAAGGGCGAAGAACTCTTCACTGGT,18.8,ATGTCGAAGGGCGAAGAACTCTTCACTGGTGTTGTCCCAATTCTTGTTGAATTAGATGGTGATGTTAATGGGCACAAATTTTCTGTCAGTGGAGAGGGTGAAGGTGATGCAACATACGGAAAACTTACCCTTAAATTTATTTGCACTACTGGAAAACTACCTGTTCCATGGCCAACACTTGTCACTACTTTCTCTTATGGTGTTCAATGCTTTTCAAGATACCCAGATCATATGAAACGGCATGACTTTTTCAAGAGTGCCATGCCCGAAGGTTATGTACAGGAAAGAACTATATTTTTCAAAGATGACGGGAACTACAAGACACGTGCTGAAGTCAAGTTTGAAGGTGATACCCTTGTTAATAGAATCGAGTTAAAAGGTATTGATTTTAAAGAAGATGGAAACATTCTTGGACACAAATTGGAATACAACTATAACTCACACAATGTATACATCATGGCAGACAAACAAAAGAATGGAATCAAAGTTAACTTCAAAATTAGACACAACATTGAAGATGGAAGCGTTCAACTAGCAGACCATTATCAACAAAATACTCCAATTGGAGATGGCCCTGTCCTTTTACCAGACAACCATTACCTGTCCACACAATCTGCCCTTTCGAAAGATCCCAACGAAAAGAGAGATCACATGGTCCTTCTTGAGTTTGTAACAGCTGCTGGGATTACACATGGCATGGATGAACTATACAAATAG
206,1.03,1.05,1.05,1.06,1.05,1.06,1.07,1.06,1.07,1.07,1.09,1.1,1.11,1.16,1.2,1.24,1.3,1.37,1.47,1.57,1.68,1.81,1.95,2.08,2.26,2.45,2.62,2.83,3.01,3.19,3.34,3.53,3.66,3.78,3.86,3.93,4.0,4.07,4.13,4.19,4.24,4.3,4.36,33.2,Optimised,ATGTCGAAAGGGGAAGAACTGTTCACCGGC,14.23,ATGTCGAAAGGGGAAGAACTGTTCACCGGCGTTGTCCCAATTCTTGTTGAATTAGATGGTGATGTTAATGGGCACAAATTTTCTGTCAGTGGAGAGGGTGAAGGTGATGCAACATACGGAAAACTTACCCTTAAATTTATTTGCACTACTGGAAAACTACCTGTTCCATGGCCAACACTTGTCACTACTTTCTCTTATGGTGTTCAATGCTTTTCAAGATACCCAGATCATATGAAACGGCATGACTTTTTCAAGAGTGCCATGCCCGAAGGTTATGTACAGGAAAGAACTATATTTTTCAAAGATGACGGGAACTACAAGACACGTGCTGAAGTCAAGTTTGAAGGTGATACCCTTGTTAATAGAATCGAGTTAAAAGGTATTGATTTTAAAGAAGATGGAAACATTCTTGGACACAAATTGGAATACAACTATAACTCACACAATGTATACATCATGGCAGACAAACAAAAGAATGGAATCAAAGTTAACTTCAAAATTAGACACAACATTGAAGATGGAAGCGTTCAACTAGCAGACCATTATCAACAAAATACTCCAATTGGAGATGGCCCTGTCCTTTTACCAGACAACCATTACCTGTCCACACAATCTGCCCTTTCGAAAGATCCCAACGAAAAGAGAGATCACATGGTCCTTCTTGAGTTTGTAACAGCTGCTGGGATTACACATGGCATGGATGAACTATACAAATAG
207,1.02,1.01,1.03,1.02,1.02,1.02,1.02,1.02,1.02,1.02,1.04,1.04,1.05,1.07,1.08,1.12,1.15,1.22,1.29,1.37,1.46,1.57,1.69,1.82,1.96,2.09,2.25,2.41,2.56,2.72,2.88,3.02,3.16,3.28,3.41,3.5,3.57,3.66,3.76,3.86,3.92,4.03,4.12,37.81,Optimised,ATGTCTAAAGGAGAAGAGCTTTTCACTGGG,13.77,ATGTCTAAAGGAGAAGAGCTTTTCACTGGGGTTGTCCCAATTCTTGTTGAATTAGATGGTGATGTTAATGGGCACAAATTTTCTGTCAGTGGAGAGGGTGAAGGTGATGCAACATACGGAAAACTTACCCTTAAATTTATTTGCACTACTGGAAAACTACCTGTTCCATGGCCAACACTTGTCACTACTTTCTCTTATGGTGTTCAATGCTTTTCAAGATACCCAGATCATATGAAACGGCATGACTTTTTCAAGAGTGCCATGCCCGAAGGTTATGTACAGGAAAGAACTATATTTTTCAAAGATGACGGGAACTACAAGACACGTGCTGAAGTCAAGTTTGAAGGTGATACCCTTGTTAATAGAATCGAGTTAAAAGGTATTGATTTTAAAGAAGATGGAAACATTCTTGGACACAAATTGGAATACAACTATAACTCACACAATGTATACATCATGGCAGACAAACAAAAGAATGGAATCAAAGTTAACTTCAAAATTAGACACAACATTGAAGATGGAAGCGTTCAACTAGCAGACCATTATCAACAAAATACTCCAATTGGAGATGGCCCTGTCCTTTTACCAGACAACCATTACCTGTCCACACAATCTGCCCTTTCGAAAGATCCCAACGAAAAGAGAGATCACATGGTCCTTCTTGAGTTTGTAACAGCTGCTGGGATTACACATGGCATGGATGAACTATACAAATAG
216,1.03,1.03,1.02,1.02,1.01,1.03,1.03,1.03,1.03,1.04,1.05,1.06,1.06,1.09,1.11,1.14,1.18,1.23,1.3,1.38,1.48,1.58,1.71,1.83,1.96,2.11,2.28,2.43,2.59,2.76,2.88,3.04,3.18,3.28,3.42,3.52,3.61,3.71,3.77,3.88,3.96,4.06,4.14,97.75,Optimised,ATGAGCAAAGGGGAAGAATTATTTACAGGT,5.56,ATGAGCAAAGGGGAAGAATTATTTACAGGTGTTGTCCCAATTCTTGTTGAATTAGATGGTGATGTTAATGGGCACAAATTTTCTGTCAGTGGAGAGGGTGAAGGTGATGCAACATACGGAAAACTTACCCTTAAATTTATTTGCACTACTGGAAAACTACCTGTTCCATGGCCAACACTTGTCACTACTTTCTCTTATGGTGTTCAATGCTTTTCAAGATACCCAGATCATATGAAACGGCATGACTTTTTCAAGAGTGCCATGCCCGAAGGTTATGTACAGGAAAGAACTATATTTTTCAAAGATGACGGGAACTACAAGACACGTGCTGAAGTCAAGTTTGAAGGTGATACCCTTGTTAATAGAATCGAGTTAAAAGGTATTGATTTTAAAGAAGATGGAAACATTCTTGGACACAAATTGGAATACAACTATAACTCACACAATGTATACATCATGGCAGACAAACAAAAGAATGGAATCAAAGTTAACTTCAAAATTAGACACAACATTGAAGATGGAAGCGTTCAACTAGCAGACCATTATCAACAAAATACTCCAATTGGAGATGGCCCTGTCCTTTTACCAGACAACCATTACCTGTCCACACAATCTGCCCTTTCGAAAGATCCCAACGAAAAGAGAGATCACATGGTCCTTCTTGAGTTTGTAACAGCTGCTGGGATTACACATGGCATGGATGAACTATACAAATAG
220,1.08,1.09,1.12,1.11,1.11,1.12,1.13,1.13,1.14,1.15,1.17,1.21,1.2,1.22,1.23,1.26,1.29,1.34,1.39,1.45,1.51,1.59,1.66,1.74,1.84,1.94,2.05,2.15,2.27,2.36,2.46,2.55,2.63,2.71,2.78,2.83,2.89,2.93,3.01,3.04,3.08,3.15,3.18,12.12,Optimised,ATGTCGAAGGGTGAAGAACTTTTCACTGGG,17.84,ATGTCGAAGGGTGAAGAACTTTTCACTGGGGTTGTCCCAATTCTTGTTGAATTAGATGGTGATGTTAATGGGCACAAATTTTCTGTCAGTGGAGAGGGTGAAGGTGATGCAACATACGGAAAACTTACCCTTAAATTTATTTGCACTACTGGAAAACTACCTGTTCCATGGCCAACACTTGTCACTACTTTCTCTTATGGTGTTCAATGCTTTTCAAGATACCCAGATCATATGAAACGGCATGACTTTTTCAAGAGTGCCATGCCCGAAGGTTATGTACAGGAAAGAACTATATTTTTCAAAGATGACGGGAACTACAAGACACGTGCTGAAGTCAAGTTTGAAGGTGATACCCTTGTTAATAGAATCGAGTTAAAAGGTATTGATTTTAAAGAAGATGGAAACATTCTTGGACACAAATTGGAATACAACTATAACTCACACAATGTATACATCATGGCAGACAAACAAAAGAATGGAATCAAAGTTAACTTCAAAATTAGACACAACATTGAAGATGGAAGCGTTCAACTAGCAGACCATTATCAACAAAATACTCCAATTGGAGATGGCCCTGTCCTTTTACCAGACAACCATTACCTGTCCACACAATCTGCCCTTTCGAAAGATCCCAACGAAAAGAGAGATCACATGGTCCTTCTTGAGTTTGTAACAGCTGCTGGGATTACACATGGCATGGATGAACTATACAAATAG
222,1.07,1.1,1.09,1.08,1.08,1.09,1.08,1.08,1.08,1.07,1.1,1.12,1.13,1.15,1.18,1.21,1.26,1.31,1.37,1.45,1.54,1.62,1.73,1.83,1.94,2.04,2.18,2.3,2.43,2.55,2.69,2.8,2.89,2.97,3.05,3.12,3.18,3.22,3.26,3.3,3.35,3.4,3.42,21.09,Optimised,ATGTCCAAAGGTGAAGAGCTTTTCACCGGG,15.8,ATGTCCAAAGGTGAAGAGCTTTTCACCGGGGTTGTCCCAATTCTTGTTGAATTAGATGGTGATGTTAATGGGCACAAATTTTCTGTCAGTGGAGAGGGTGAAGGTGATGCAACATACGGAAAACTTACCCTTAAATTTATTTGCACTACTGGAAAACTACCTGTTCCATGGCCAACACTTGTCACTACTTTCTCTTATGGTGTTCAATGCTTTTCAAGATACCCAGATCATATGAAACGGCATGACTTTTTCAAGAGTGCCATGCCCGAAGGTTATGTACAGGAAAGAACTATATTTTTCAAAGATGACGGGAACTACAAGACACGTGCTGAAGTCAAGTTTGAAGGTGATACCCTTGTTAATAGAATCGAGTTAAAAGGTATTGATTTTAAAGAAGATGGAAACATTCTTGGACACAAATTGGAATACAACTATAACTCACACAATGTATACATCATGGCAGACAAACAAAAGAATGGAATCAAAGTTAACTTCAAAATTAGACACAACATTGAAGATGGAAGCGTTCAACTAGCAGACCATTATCAACAAAATACTCCAATTGGAGATGGCCCTGTCCTTTTACCAGACAACCATTACCTGTCCACACAATCTGCCCTTTCGAAAGATCCCAACGAAAAGAGAGATCACATGGTCCTTCTTGAGTTTGTAACAGCTGCTGGGATTACACATGGCATGGATGAACTATACAAATAG
223,1.05,1.07,1.07,1.06,1.07,1.09,1.08,1.08,1.08,1.1,1.11,1.12,1.14,1.18,1.22,1.24,1.29,1.34,1.42,1.5,1.61,1.71,1.83,1.94,2.06,2.2,2.36,2.49,2.64,2.81,2.92,3.05,3.15,3.28,3.37,3.45,3.48,3.55,3.61,3.68,3.69,3.76,3.83,21.95,Optimised,ATGTCGAAAGGTGAAGAGCTGTTCACCGGT,15.66,ATGTCGAAAGGTGAAGAGCTGTTCACCGGTGTTGTCCCAATTCTTGTTGAATTAGATGGTGATGTTAATGGGCACAAATTTTCTGTCAGTGGAGAGGGTGAAGGTGATGCAACATACGGAAAACTTACCCTTAAATTTATTTGCACTACTGGAAAACTACCTGTTCCATGGCCAACACTTGTCACTACTTTCTCTTATGGTGTTCAATGCTTTTCAAGATACCCAGATCATATGAAACGGCATGACTTTTTCAAGAGTGCCATGCCCGAAGGTTATGTACAGGAAAGAACTATATTTTTCAAAGATGACGGGAACTACAAGACACGTGCTGAAGTCAAGTTTGAAGGTGATACCCTTGTTAATAGAATCGAGTTAAAAGGTATTGATTTTAAAGAAGATGGAAACATTCTTGGACACAAATTGGAATACAACTATAACTCACACAATGTATACATCATGGCAGACAAACAAAAGAATGGAATCAAAGTTAACTTCAAAATTAGACACAACATTGAAGATGGAAGCGTTCAACTAGCAGACCATTATCAACAAAATACTCCAATTGGAGATGGCCCTGTCCTTTTACCAGACAACCATTACCTGTCCACACAATCTGCCCTTTCGAAAGATCCCAACGAAAAGAGAGATCACATGGTCCTTCTTGAGTTTGTAACAGCTGCTGGGATTACACATGGCATGGATGAACTATACAAATAG
232,1.04,1.03,1.05,1.03,1.05,1.07,1.05,1.05,1.06,1.06,1.08,1.11,1.13,1.17,1.22,1.27,1.35,1.43,1.53,1.64,1.77,1.9,2.07,2.22,2.39,2.57,2.79,2.96,3.18,3.39,3.57,3.77,3.91,4.05,4.22,4.31,4.43,4.52,4.6,4.71,4.8,4.9,4.96,60.55,Optimised,ATGTCTAAAGGTGAAGAACTATTCACAGGG,11.87,ATGTCTAAAGGTGAAGAACTATTCACAGGGGTTGTCCCAATTCTTGTTGAATTAGATGGTGATGTTAATGGGCACAAATTTTCTGTCAGTGGAGAGGGTGAAGGTGATGCAACATACGGAAAACTTACCCTTAAATTTATTTGCACTACTGGAAAACTACCTGTTCCATGGCCAACACTTGTCACTACTTTCTCTTATGGTGTTCAATGCTTTTCAAGATACCCAGATCATATGAAACGGCATGACTTTTTCAAGAGTGCCATGCCCGAAGGTTATGTACAGGAAAGAACTATATTTTTCAAAGATGACGGGAACTACAAGACACGTGCTGAAGTCAAGTTTGAAGGTGATACCCTTGTTAATAGAATCGAGTTAAAAGGTATTGATTTTAAAGAAGATGGAAACATTCTTGGACACAAATTGGAATACAACTATAACTCACACAATGTATACATCATGGCAGACAAACAAAAGAATGGAATCAAAGTTAACTTCAAAATTAGACACAACATTGAAGATGGAAGCGTTCAACTAGCAGACCATTATCAACAAAATACTCCAATTGGAGATGGCCCTGTCCTTTTACCAGACAACCATTACCTGTCCACACAATCTGCCCTTTCGAAAGATCCCAACGAAAAGAGAGATCACATGGTCCTTCTTGAGTTTGTAACAGCTGCTGGGATTACACATGGCATGGATGAACTATACAAATAG
233,1.04,1.04,1.04,1.04,1.03,1.04,1.06,1.04,1.07,1.06,1.08,1.09,1.11,1.14,1.18,1.23,1.28,1.35,1.44,1.55,1.68,1.79,1.92,2.06,2.23,2.38,2.55,2.74,2.96,3.16,3.33,3.54,3.72,3.87,4.04,4.15,4.27,4.37,4.47,4.56,4.68,4.76,4.9,67.45,Optimised,ATGTCTAAAGGTGAGGAGCTCTTCACAGGA,11.31,ATGTCTAAAGGTGAGGAGCTCTTCACAGGAGTTGTCCCAATTCTTGTTGAATTAGATGGTGATGTTAATGGGCACAAATTTTCTGTCAGTGGAGAGGGTGAAGGTGATGCAACATACGGAAAACTTACCCTTAAATTTATTTGCACTACTGGAAAACTACCTGTTCCATGGCCAACACTTGTCACTACTTTCTCTTATGGTGTTCAATGCTTTTCAAGATACCCAGATCATATGAAACGGCATGACTTTTTCAAGAGTGCCATGCCCGAAGGTTATGTACAGGAAAGAACTATATTTTTCAAAGATGACGGGAACTACAAGACACGTGCTGAAGTCAAGTTTGAAGGTGATACCCTTGTTAATAGAATCGAGTTAAAAGGTATTGATTTTAAAGAAGATGGAAACATTCTTGGACACAAATTGGAATACAACTATAACTCACACAATGTATACATCATGGCAGACAAACAAAAGAATGGAATCAAAGTTAACTTCAAAATTAGACACAACATTGAAGATGGAAGCGTTCAACTAGCAGACCATTATCAACAAAATACTCCAATTGGAGATGGCCCTGTCCTTTTACCAGACAACCATTACCTGTCCACACAATCTGCCCTTTCGAAAGATCCCAACGAAAAGAGAGATCACATGGTCCTTCTTGAGTTTGTAACAGCTGCTGGGATTACACATGGCATGGATGAACTATACAAATAG
239,1.02,1.02,1.04,1.02,1.03,1.05,1.05,1.05,1.06,1.05,1.07,1.07,1.1,1.13,1.15,1.17,1.22,1.27,1.34,1.41,1.5,1.59,1.71,1.82,1.94,2.06,2.21,2.34,2.5,2.66,2.81,2.95,3.09,3.18,3.3,3.36,3.43,3.52,3.58,3.67,3.71,3.79,3.87,90.29,Optimised,ATGAGTAAAGGAGAGGAGCTTTTCACAGGA,8.78,ATGAGTAAAGGAGAGGAGCTTTTCACAGGAGTTGTCCCAATTCTTGTTGAATTAGATGGTGATGTTAATGGGCACAAATTTTCTGTCAGTGGAGAGGGTGAAGGTGATGCAACATACGGAAAACTTACCCTTAAATTTATTTGCACTACTGGAAAACTACCTGTTCCATGGCCAACACTTGTCACTACTTTCTCTTATGGTGTTCAATGCTTTTCAAGATACCCAGATCATATGAAACGGCATGACTTTTTCAAGAGTGCCATGCCCGAAGGTTATGTACAGGAAAGAACTATATTTTTCAAAGATGACGGGAACTACAAGACACGTGCTGAAGTCAAGTTTGAAGGTGATACCCTTGTTAATAGAATCGAGTTAAAAGGTATTGATTTTAAAGAAGATGGAAACATTCTTGGACACAAATTGGAATACAACTATAACTCACACAATGTATACATCATGGCAGACAAACAAAAGAATGGAATCAAAGTTAACTTCAAAATTAGACACAACATTGAAGATGGAAGCGTTCAACTAGCAGACCATTATCAACAAAATACTCCAATTGGAGATGGCCCTGTCCTTTTACCAGACAACCATTACCTGTCCACACAATCTGCCCTTTCGAAAGATCCCAACGAAAAGAGAGATCACATGGTCCTTCTTGAGTTTGTAACAGCTGCTGGGATTACACATGGCATGGATGAACTATACAAATAG
212,0.98,0.98,0.98,0.97,0.96,0.98,0.99,0.98,0.99,1.0,1.0,1.01,1.01,1.04,1.06,1.07,1.1,1.14,1.19,1.26,1.35,1.44,1.58,1.67,1.79,1.94,2.08,2.2,2.38,2.49,2.62,2.74,2.83,2.9,2.98,3.03,3.08,3.1,3.14,3.19,3.2,3.28,3.29,71.18,Optimised,ATGAGTAAGGGAGAAGAGCTGTTCACTGGA,10.99,ATGAGTAAGGGAGAAGAGCTGTTCACTGGAGTTGTCCCAATTCTTGTTGAATTAGATGGTGATGTTAATGGGCACAAATTTTCTGTCAGTGGAGAGGGTGAAGGTGATGCAACATACGGAAAACTTACCCTTAAATTTATTTGCACTACTGGAAAACTACCTGTTCCATGGCCAACACTTGTCACTACTTTCTCTTATGGTGTTCAATGCTTTTCAAGATACCCAGATCATATGAAACGGCATGACTTTTTCAAGAGTGCCATGCCCGAAGGTTATGTACAGGAAAGAACTATATTTTTCAAAGATGACGGGAACTACAAGACACGTGCTGAAGTCAAGTTTGAAGGTGATACCCTTGTTAATAGAATCGAGTTAAAAGGTATTGATTTTAAAGAAGATGGAAACATTCTTGGACACAAATTGGAATACAACTATAACTCACACAATGTATACATCATGGCAGACAAACAAAAGAATGGAATCAAAGTTAACTTCAAAATTAGACACAACATTGAAGATGGAAGCGTTCAACTAGCAGACCATTATCAACAAAATACTCCAATTGGAGATGGCCCTGTCCTTTTACCAGACAACCATTACCTGTCCACACAATCTGCCCTTTCGAAAGATCCCAACGAAAAGAGAGATCACATGGTCCTTCTTGAGTTTGTAACAGCTGCTGGGATTACACATGGCATGGATGAACTATACAAATAG
215,0.97,0.97,0.98,0.98,0.98,0.98,0.98,0.96,0.96,0.94,0.97,0.96,0.96,0.99,1.0,1.02,1.06,1.12,1.18,1.25,1.36,1.47,1.6,1.71,1.85,1.96,2.14,2.28,2.45,2.58,2.72,2.87,2.97,3.09,3.18,3.28,3.33,3.43,3.51,3.59,3.64,3.76,3.84,96.72,Optimised,ATGAGCAAAGGAGAAGAATTATTTACGGGA,6.71,ATGAGCAAAGGAGAAGAATTATTTACGGGAGTTGTCCCAATTCTTGTTGAATTAGATGGTGATGTTAATGGGCACAAATTTTCTGTCAGTGGAGAGGGTGAAGGTGATGCAACATACGGAAAACTTACCCTTAAATTTATTTGCACTACTGGAAAACTACCTGTTCCATGGCCAACACTTGTCACTACTTTCTCTTATGGTGTTCAATGCTTTTCAAGATACCCAGATCATATGAAACGGCATGACTTTTTCAAGAGTGCCATGCCCGAAGGTTATGTACAGGAAAGAACTATATTTTTCAAAGATGACGGGAACTACAAGACACGTGCTGAAGTCAAGTTTGAAGGTGATACCCTTGTTAATAGAATCGAGTTAAAAGGTATTGATTTTAAAGAAGATGGAAACATTCTTGGACACAAATTGGAATACAACTATAACTCACACAATGTATACATCATGGCAGACAAACAAAAGAATGGAATCAAAGTTAACTTCAAAATTAGACACAACATTGAAGATGGAAGCGTTCAACTAGCAGACCATTATCAACAAAATACTCCAATTGGAGATGGCCCTGTCCTTTTACCAGACAACCATTACCTGTCCACACAATCTGCCCTTTCGAAAGATCCCAACGAAAAGAGAGATCACATGGTCCTTCTTGAGTTTGTAACAGCTGCTGGGATTACACATGGCATGGATGAACTATACAAATAG
217,0.92,0.93,0.93,0.92,0.94,0.94,0.94,0.94,0.93,0.93,0.96,0.96,0.95,0.96,0.97,0.96,0.96,0.95,0.98,0.98,1.0,1.02,1.06,1.1,1.13,1.19,1.23,1.27,1.33,1.36,1.37,1.38,1.39,1.38,1.38,1.36,1.33,1.3,1.25,1.22,1.19,1.16,1.15,7.07,Optimised,ATGAGTAAAGGGGAAGAACTCTTTACCGGG,20.37,ATGAGTAAAGGGGAAGAACTCTTTACCGGGGTTGTCCCAATTCTTGTTGAATTAGATGGTGATGTTAATGGGCACAAATTTTCTGTCAGTGGAGAGGGTGAAGGTGATGCAACATACGGAAAACTTACCCTTAAATTTATTTGCACTACTGGAAAACTACCTGTTCCATGGCCAACACTTGTCACTACTTTCTCTTATGGTGTTCAATGCTTTTCAAGATACCCAGATCATATGAAACGGCATGACTTTTTCAAGAGTGCCATGCCCGAAGGTTATGTACAGGAAAGAACTATATTTTTCAAAGATGACGGGAACTACAAGACACGTGCTGAAGTCAAGTTTGAAGGTGATACCCTTGTTAATAGAATCGAGTTAAAAGGTATTGATTTTAAAGAAGATGGAAACATTCTTGGACACAAATTGGAATACAACTATAACTCACACAATGTATACATCATGGCAGACAAACAAAAGAATGGAATCAAAGTTAACTTCAAAATTAGACACAACATTGAAGATGGAAGCGTTCAACTAGCAGACCATTATCAACAAAATACTCCAATTGGAGATGGCCCTGTCCTTTTACCAGACAACCATTACCTGTCCACACAATCTGCCCTTTCGAAAGATCCCAACGAAAAGAGAGATCACATGGTCCTTCTTGAGTTTGTAACAGCTGCTGGGATTACACATGGCATGGATGAACTATACAAATAG
218,1.02,1.04,1.04,1.05,1.05,1.06,1.08,1.08,1.08,1.08,1.1,1.11,1.11,1.12,1.12,1.1,1.1,1.1,1.11,1.11,1.14,1.17,1.21,1.25,1.3,1.37,1.42,1.48,1.54,1.6,1.64,1.68,1.72,1.74,1.76,1.76,1.74,1.72,1.68,1.65,1.62,1.58,1.56,9.67,Optimised,ATGTCGAAGGGCGAAGAACTCTTCACTGGT,18.8,ATGTCGAAGGGCGAAGAACTCTTCACTGGTGTTGTCCCAATTCTTGTTGAATTAGATGGTGATGTTAATGGGCACAAATTTTCTGTCAGTGGAGAGGGTGAAGGTGATGCAACATACGGAAAACTTACCCTTAAATTTATTTGCACTACTGGAAAACTACCTGTTCCATGGCCAACACTTGTCACTACTTTCTCTTATGGTGTTCAATGCTTTTCAAGATACCCAGATCATATGAAACGGCATGACTTTTTCAAGAGTGCCATGCCCGAAGGTTATGTACAGGAAAGAACTATATTTTTCAAAGATGACGGGAACTACAAGACACGTGCTGAAGTCAAGTTTGAAGGTGATACCCTTGTTAATAGAATCGAGTTAAAAGGTATTGATTTTAAAGAAGATGGAAACATTCTTGGACACAAATTGGAATACAACTATAACTCACACAATGTATACATCATGGCAGACAAACAAAAGAATGGAATCAAAGTTAACTTCAAAATTAGACACAACATTGAAGATGGAAGCGTTCAACTAGCAGACCATTATCAACAAAATACTCCAATTGGAGATGGCCCTGTCCTTTTACCAGACAACCATTACCTGTCCACACAATCTGCCCTTTCGAAAGATCCCAACGAAAAGAGAGATCACATGGTCCTTCTTGAGTTTGTAACAGCTGCTGGGATTACACATGGCATGGATGAACTATACAAATAG
219,1.04,1.04,1.06,1.06,1.08,1.09,1.08,1.08,1.08,1.09,1.09,1.1,1.08,1.09,1.09,1.06,1.07,1.07,1.08,1.09,1.1,1.13,1.16,1.2,1.25,1.3,1.35,1.4,1.47,1.51,1.54,1.58,1.6,1.62,1.63,1.63,1.62,1.6,1.59,1.58,1.56,1.55,1.52,9.7,Optimised,ATGTCGAAGGGTGAAGAACTGTTCACTGGT,18.79,ATGTCGAAGGGTGAAGAACTGTTCACTGGTGTTGTCCCAATTCTTGTTGAATTAGATGGTGATGTTAATGGGCACAAATTTTCTGTCAGTGGAGAGGGTGAAGGTGATGCAACATACGGAAAACTTACCCTTAAATTTATTTGCACTACTGGAAAACTACCTGTTCCATGGCCAACACTTGTCACTACTTTCTCTTATGGTGTTCAATGCTTTTCAAGATACCCAGATCATATGAAACGGCATGACTTTTTCAAGAGTGCCATGCCCGAAGGTTATGTACAGGAAAGAACTATATTTTTCAAAGATGACGGGAACTACAAGACACGTGCTGAAGTCAAGTTTGAAGGTGATACCCTTGTTAATAGAATCGAGTTAAAAGGTATTGATTTTAAAGAAGATGGAAACATTCTTGGACACAAATTGGAATACAACTATAACTCACACAATGTATACATCATGGCAGACAAACAAAAGAATGGAATCAAAGTTAACTTCAAAATTAGACACAACATTGAAGATGGAAGCGTTCAACTAGCAGACCATTATCAACAAAATACTCCAATTGGAGATGGCCCTGTCCTTTTACCAGACAACCATTACCTGTCCACACAATCTGCCCTTTCGAAAGATCCCAACGAAAAGAGAGATCACATGGTCCTTCTTGAGTTTGTAACAGCTGCTGGGATTACACATGGCATGGATGAACTATACAAATAG
225,1.02,1.03,1.04,1.03,1.05,1.06,1.05,1.04,1.06,1.04,1.05,1.06,1.06,1.08,1.09,1.1,1.12,1.16,1.19,1.26,1.33,1.43,1.54,1.62,1.74,1.87,1.99,2.12,2.26,2.37,2.5,2.61,2.72,2.78,2.87,2.93,2.97,3.04,3.08,3.15,3.17,3.26,3.27,27.23,Optimised,ATGAGTAAGGGGGAGGAGCTCTTCACCGGA,14.92,ATGAGTAAGGGGGAGGAGCTCTTCACCGGAGTTGTCCCAATTCTTGTTGAATTAGATGGTGATGTTAATGGGCACAAATTTTCTGTCAGTGGAGAGGGTGAAGGTGATGCAACATACGGAAAACTTACCCTTAAATTTATTTGCACTACTGGAAAACTACCTGTTCCATGGCCAACACTTGTCACTACTTTCTCTTATGGTGTTCAATGCTTTTCAAGATACCCAGATCATATGAAACGGCATGACTTTTTCAAGAGTGCCATGCCCGAAGGTTATGTACAGGAAAGAACTATATTTTTCAAAGATGACGGGAACTACAAGACACGTGCTGAAGTCAAGTTTGAAGGTGATACCCTTGTTAATAGAATCGAGTTAAAAGGTATTGATTTTAAAGAAGATGGAAACATTCTTGGACACAAATTGGAATACAACTATAACTCACACAATGTATACATCATGGCAGACAAACAAAAGAATGGAATCAAAGTTAACTTCAAAATTAGACACAACATTGAAGATGGAAGCGTTCAACTAGCAGACCATTATCAACAAAATACTCCAATTGGAGATGGCCCTGTCCTTTTACCAGACAACCATTACCTGTCCACACAATCTGCCCTTTCGAAAGATCCCAACGAAAAGAGAGATCACATGGTCCTTCTTGAGTTTGTAACAGCTGCTGGGATTACACATGGCATGGATGAACTATACAAATAG
235,0.97,1.0,0.98,0.98,1.01,1.01,1.01,1.02,1.02,1.05,1.08,1.1,1.11,1.14,1.17,1.2,1.24,1.29,1.36,1.44,1.54,1.65,1.77,1.9,2.06,2.2,2.36,2.54,2.7,2.85,3.0,3.14,3.22,3.31,3.4,3.46,3.53,3.54,3.58,3.65,3.66,3.7,3.71,76.95,Optimised,ATGTCGAAAGGGGAAGAATTGTTCACTGGA,10.47,ATGTCGAAAGGGGAAGAATTGTTCACTGGAGTTGTCCCAATTCTTGTTGAATTAGATGGTGATGTTAATGGGCACAAATTTTCTGTCAGTGGAGAGGGTGAAGGTGATGCAACATACGGAAAACTTACCCTTAAATTTATTTGCACTACTGGAAAACTACCTGTTCCATGGCCAACACTTGTCACTACTTTCTCTTATGGTGTTCAATGCTTTTCAAGATACCCAGATCATATGAAACGGCATGACTTTTTCAAGAGTGCCATGCCCGAAGGTTATGTACAGGAAAGAACTATATTTTTCAAAGATGACGGGAACTACAAGACACGTGCTGAAGTCAAGTTTGAAGGTGATACCCTTGTTAATAGAATCGAGTTAAAAGGTATTGATTTTAAAGAAGATGGAAACATTCTTGGACACAAATTGGAATACAACTATAACTCACACAATGTATACATCATGGCAGACAAACAAAAGAATGGAATCAAAGTTAACTTCAAAATTAGACACAACATTGAAGATGGAAGCGTTCAACTAGCAGACCATTATCAACAAAATACTCCAATTGGAGATGGCCCTGTCCTTTTACCAGACAACCATTACCTGTCCACACAATCTGCCCTTTCGAAAGATCCCAACGAAAAGAGAGATCACATGGTCCTTCTTGAGTTTGTAACAGCTGCTGGGATTACACATGGCATGGATGAACTATACAAATAG
236,1.03,1.03,1.04,1.05,1.04,1.05,1.05,1.06,1.06,1.06,1.06,1.07,1.03,1.05,1.04,1.03,1.04,1.04,1.05,1.06,1.08,1.11,1.14,1.18,1.22,1.28,1.35,1.39,1.45,1.48,1.5,1.52,1.52,1.53,1.53,1.51,1.49,1.46,1.42,1.4,1.36,1.33,1.3,78.49,Optimised,ATGAGTAAGGGGGAGGAGCTGTTCACAGGA,10.32,ATGAGTAAGGGGGAGGAGCTGTTCACAGGAGTTGTCCCAATTCTTGTTGAATTAGATGGTGATGTTAATGGGCACAAATTTTCTGTCAGTGGAGAGGGTGAAGGTGATGCAACATACGGAAAACTTACCCTTAAATTTATTTGCACTACTGGAAAACTACCTGTTCCATGGCCAACACTTGTCACTACTTTCTCTTATGGTGTTCAATGCTTTTCAAGATACCCAGATCATATGAAACGGCATGACTTTTTCAAGAGTGCCATGCCCGAAGGTTATGTACAGGAAAGAACTATATTTTTCAAAGATGACGGGAACTACAAGACACGTGCTGAAGTCAAGTTTGAAGGTGATACCCTTGTTAATAGAATCGAGTTAAAAGGTATTGATTTTAAAGAAGATGGAAACATTCTTGGACACAAATTGGAATACAACTATAACTCACACAATGTATACATCATGGCAGACAAACAAAAGAATGGAATCAAAGTTAACTTCAAAATTAGACACAACATTGAAGATGGAAGCGTTCAACTAGCAGACCATTATCAACAAAATACTCCAATTGGAGATGGCCCTGTCCTTTTACCAGACAACCATTACCTGTCCACACAATCTGCCCTTTCGAAAGATCCCAACGAAAAGAGAGATCACATGGTCCTTCTTGAGTTTGTAACAGCTGCTGGGATTACACATGGCATGGATGAACTATACAAATAG
237,1.02,1.02,1.03,1.05,1.06,1.08,1.09,1.08,1.09,1.11,1.12,1.14,1.13,1.13,1.13,1.12,1.11,1.1,1.12,1.14,1.17,1.2,1.25,1.3,1.38,1.46,1.52,1.6,1.7,1.77,1.82,1.88,1.92,1.94,1.98,1.98,1.99,2.01,1.99,1.98,1.95,1.92,1.89,84.36,Optimised,ATGAGTAAGGGAGAGGAATTGTTCACGGGT,9.66,ATGAGTAAGGGAGAGGAATTGTTCACGGGTGTTGTCCCAATTCTTGTTGAATTAGATGGTGATGTTAATGGGCACAAATTTTCTGTCAGTGGAGAGGGTGAAGGTGATGCAACATACGGAAAACTTACCCTTAAATTTATTTGCACTACTGGAAAACTACCTGTTCCATGGCCAACACTTGTCACTACTTTCTCTTATGGTGTTCAATGCTTTTCAAGATACCCAGATCATATGAAACGGCATGACTTTTTCAAGAGTGCCATGCCCGAAGGTTATGTACAGGAAAGAACTATATTTTTCAAAGATGACGGGAACTACAAGACACGTGCTGAAGTCAAGTTTGAAGGTGATACCCTTGTTAATAGAATCGAGTTAAAAGGTATTGATTTTAAAGAAGATGGAAACATTCTTGGACACAAATTGGAATACAACTATAACTCACACAATGTATACATCATGGCAGACAAACAAAAGAATGGAATCAAAGTTAACTTCAAAATTAGACACAACATTGAAGATGGAAGCGTTCAACTAGCAGACCATTATCAACAAAATACTCCAATTGGAGATGGCCCTGTCCTTTTACCAGACAACCATTACCTGTCCACACAATCTGCCCTTTCGAAAGATCCCAACGAAAAGAGAGATCACATGGTCCTTCTTGAGTTTGTAACAGCTGCTGGGATTACACATGGCATGGATGAACTATACAAATAG
241,0.96,0.96,0.97,0.97,0.94,0.97,0.97,0.96,0.95,0.94,0.96,0.96,0.97,0.98,1.0,1.01,1.04,1.08,1.13,1.19,1.25,1.33,1.43,1.52,1.64,1.76,1.89,2.02,2.18,2.3,2.43,2.56,2.65,2.74,2.85,2.9,2.96,3.03,3.09,3.17,3.22,3.31,3.36,95.89,Optimised,ATGAGCAAAGGAGAGGAATTATTTACGGGC,7.2,ATGAGCAAAGGAGAGGAATTATTTACGGGCGTTGTCCCAATTCTTGTTGAATTAGATGGTGATGTTAATGGGCACAAATTTTCTGTCAGTGGAGAGGGTGAAGGTGATGCAACATACGGAAAACTTACCCTTAAATTTATTTGCACTACTGGAAAACTACCTGTTCCATGGCCAACACTTGTCACTACTTTCTCTTATGGTGTTCAATGCTTTTCAAGATACCCAGATCATATGAAACGGCATGACTTTTTCAAGAGTGCCATGCCCGAAGGTTATGTACAGGAAAGAACTATATTTTTCAAAGATGACGGGAACTACAAGACACGTGCTGAAGTCAAGTTTGAAGGTGATACCCTTGTTAATAGAATCGAGTTAAAAGGTATTGATTTTAAAGAAGATGGAAACATTCTTGGACACAAATTGGAATACAACTATAACTCACACAATGTATACATCATGGCAGACAAACAAAAGAATGGAATCAAAGTTAACTTCAAAATTAGACACAACATTGAAGATGGAAGCGTTCAACTAGCAGACCATTATCAACAAAATACTCCAATTGGAGATGGCCCTGTCCTTTTACCAGACAACCATTACCTGTCCACACAATCTGCCCTTTCGAAAGATCCCAACGAAAAGAGAGATCACATGGTCCTTCTTGAGTTTGTAACAGCTGCTGGGATTACACATGGCATGGATGAACTATACAAATAG
210,0.86,0.89,0.88,0.89,0.89,0.92,0.9,0.89,0.9,0.9,0.91,0.94,0.94,0.96,0.98,1.0,1.01,1.02,1.07,1.1,1.15,1.21,1.27,1.33,1.41,1.48,1.55,1.61,1.71,1.76,1.8,1.85,1.85,1.87,1.88,1.87,1.87,1.87,1.83,1.81,1.79,1.77,1.74,57.84,Optimised,ATGTCTAAGGGTGAGGAGCTCTTCACAGGA,12.08,ATGTCTAAGGGTGAGGAGCTCTTCACAGGAGTTGTCCCAATTCTTGTTGAATTAGATGGTGATGTTAATGGGCACAAATTTTCTGTCAGTGGAGAGGGTGAAGGTGATGCAACATACGGAAAACTTACCCTTAAATTTATTTGCACTACTGGAAAACTACCTGTTCCATGGCCAACACTTGTCACTACTTTCTCTTATGGTGTTCAATGCTTTTCAAGATACCCAGATCATATGAAACGGCATGACTTTTTCAAGAGTGCCATGCCCGAAGGTTATGTACAGGAAAGAACTATATTTTTCAAAGATGACGGGAACTACAAGACACGTGCTGAAGTCAAGTTTGAAGGTGATACCCTTGTTAATAGAATCGAGTTAAAAGGTATTGATTTTAAAGAAGATGGAAACATTCTTGGACACAAATTGGAATACAACTATAACTCACACAATGTATACATCATGGCAGACAAACAAAAGAATGGAATCAAAGTTAACTTCAAAATTAGACACAACATTGAAGATGGAAGCGTTCAACTAGCAGACCATTATCAACAAAATACTCCAATTGGAGATGGCCCTGTCCTTTTACCAGACAACCATTACCTGTCCACACAATCTGCCCTTTCGAAAGATCCCAACGAAAAGAGAGATCACATGGTCCTTCTTGAGTTTGTAACAGCTGCTGGGATTACACATGGCATGGATGAACTATACAAATAG
224,1.06,1.08,1.07,1.08,1.07,1.08,1.09,1.07,1.08,1.1,1.12,1.13,1.16,1.19,1.2,1.24,1.28,1.34,1.42,1.49,1.6,1.71,1.83,1.93,2.07,2.19,2.32,2.41,2.58,2.68,2.75,2.82,2.92,2.95,3.04,3.06,3.09,3.14,3.16,3.22,3.25,3.31,3.36,25.13,Optimised,ATGTCGAAAGGTGAGGAACTGTTCACTGGG,15.19,ATGTCGAAAGGTGAGGAACTGTTCACTGGGGTTGTCCCAATTCTTGTTGAATTAGATGGTGATGTTAATGGGCACAAATTTTCTGTCAGTGGAGAGGGTGAAGGTGATGCAACATACGGAAAACTTACCCTTAAATTTATTTGCACTACTGGAAAACTACCTGTTCCATGGCCAACACTTGTCACTACTTTCTCTTATGGTGTTCAATGCTTTTCAAGATACCCAGATCATATGAAACGGCATGACTTTTTCAAGAGTGCCATGCCCGAAGGTTATGTACAGGAAAGAACTATATTTTTCAAAGATGACGGGAACTACAAGACACGTGCTGAAGTCAAGTTTGAAGGTGATACCCTTGTTAATAGAATCGAGTTAAAAGGTATTGATTTTAAAGAAGATGGAAACATTCTTGGACACAAATTGGAATACAACTATAACTCACACAATGTATACATCATGGCAGACAAACAAAAGAATGGAATCAAAGTTAACTTCAAAATTAGACACAACATTGAAGATGGAAGCGTTCAACTAGCAGACCATTATCAACAAAATACTCCAATTGGAGATGGCCCTGTCCTTTTACCAGACAACCATTACCTGTCCACACAATCTGCCCTTTCGAAAGATCCCAACGAAAAGAGAGATCACATGGTCCTTCTTGAGTTTGTAACAGCTGCTGGGATTACACATGGCATGGATGAACTATACAAATAG
226,1.01,1.05,1.01,1.03,1.02,1.03,1.01,1.0,0.99,0.97,0.99,1.0,1.01,1.05,1.09,1.13,1.18,1.25,1.35,1.42,1.53,1.64,1.75,1.88,2.0,2.16,2.3,2.45,2.62,2.74,2.83,2.92,2.98,3.05,3.08,3.12,3.15,3.15,3.16,3.19,3.22,3.27,3.28,36.68,Optimised,ATGAGTAAAGGGGAAGAGCTTTTCACCGGG,13.88,ATGAGTAAAGGGGAAGAGCTTTTCACCGGGGTTGTCCCAATTCTTGTTGAATTAGATGGTGATGTTAATGGGCACAAATTTTCTGTCAGTGGAGAGGGTGAAGGTGATGCAACATACGGAAAACTTACCCTTAAATTTATTTGCACTACTGGAAAACTACCTGTTCCATGGCCAACACTTGTCACTACTTTCTCTTATGGTGTTCAATGCTTTTCAAGATACCCAGATCATATGAAACGGCATGACTTTTTCAAGAGTGCCATGCCCGAAGGTTATGTACAGGAAAGAACTATATTTTTCAAAGATGACGGGAACTACAAGACACGTGCTGAAGTCAAGTTTGAAGGTGATACCCTTGTTAATAGAATCGAGTTAAAAGGTATTGATTTTAAAGAAGATGGAAACATTCTTGGACACAAATTGGAATACAACTATAACTCACACAATGTATACATCATGGCAGACAAACAAAAGAATGGAATCAAAGTTAACTTCAAAATTAGACACAACATTGAAGATGGAAGCGTTCAACTAGCAGACCATTATCAACAAAATACTCCAATTGGAGATGGCCCTGTCCTTTTACCAGACAACCATTACCTGTCCACACAATCTGCCCTTTCGAAAGATCCCAACGAAAAGAGAGATCACATGGTCCTTCTTGAGTTTGTAACAGCTGCTGGGATTACACATGGCATGGATGAACTATACAAATAG
227,1.06,1.06,1.04,1.05,1.04,1.05,1.05,1.02,1.02,1.03,1.03,1.03,1.05,1.08,1.1,1.12,1.15,1.18,1.26,1.33,1.42,1.51,1.61,1.69,1.82,1.95,2.03,2.12,2.24,2.32,2.38,2.45,2.49,2.53,2.57,2.59,2.6,2.61,2.6,2.63,2.63,2.66,2.66,41.25,Optimised,ATGAGTAAAGGAGAAGAACTCTTTACCGGA,13.45,ATGAGTAAAGGAGAAGAACTCTTTACCGGAGTTGTCCCAATTCTTGTTGAATTAGATGGTGATGTTAATGGGCACAAATTTTCTGTCAGTGGAGAGGGTGAAGGTGATGCAACATACGGAAAACTTACCCTTAAATTTATTTGCACTACTGGAAAACTACCTGTTCCATGGCCAACACTTGTCACTACTTTCTCTTATGGTGTTCAATGCTTTTCAAGATACCCAGATCATATGAAACGGCATGACTTTTTCAAGAGTGCCATGCCCGAAGGTTATGTACAGGAAAGAACTATATTTTTCAAAGATGACGGGAACTACAAGACACGTGCTGAAGTCAAGTTTGAAGGTGATACCCTTGTTAATAGAATCGAGTTAAAAGGTATTGATTTTAAAGAAGATGGAAACATTCTTGGACACAAATTGGAATACAACTATAACTCACACAATGTATACATCATGGCAGACAAACAAAAGAATGGAATCAAAGTTAACTTCAAAATTAGACACAACATTGAAGATGGAAGCGTTCAACTAGCAGACCATTATCAACAAAATACTCCAATTGGAGATGGCCCTGTCCTTTTACCAGACAACCATTACCTGTCCACACAATCTGCCCTTTCGAAAGATCCCAACGAAAAGAGAGATCACATGGTCCTTCTTGAGTTTGTAACAGCTGCTGGGATTACACATGGCATGGATGAACTATACAAATAG
230,1.07,1.06,1.07,1.05,1.06,1.08,1.09,1.07,1.07,1.06,1.09,1.13,1.14,1.19,1.23,1.27,1.37,1.46,1.58,1.71,1.84,1.98,2.14,2.3,2.5,2.69,2.92,3.1,3.33,3.51,3.66,3.8,3.9,3.99,4.08,4.17,4.21,4.29,4.34,4.44,4.47,4.64,4.67,50.49,Optimised,ATGTCGAAAGGCGAGGAACTGTTCACTGGA,12.67,ATGTCGAAAGGCGAGGAACTGTTCACTGGAGTTGTCCCAATTCTTGTTGAATTAGATGGTGATGTTAATGGGCACAAATTTTCTGTCAGTGGAGAGGGTGAAGGTGATGCAACATACGGAAAACTTACCCTTAAATTTATTTGCACTACTGGAAAACTACCTGTTCCATGGCCAACACTTGTCACTACTTTCTCTTATGGTGTTCAATGCTTTTCAAGATACCCAGATCATATGAAACGGCATGACTTTTTCAAGAGTGCCATGCCCGAAGGTTATGTACAGGAAAGAACTATATTTTTCAAAGATGACGGGAACTACAAGACACGTGCTGAAGTCAAGTTTGAAGGTGATACCCTTGTTAATAGAATCGAGTTAAAAGGTATTGATTTTAAAGAAGATGGAAACATTCTTGGACACAAATTGGAATACAACTATAACTCACACAATGTATACATCATGGCAGACAAACAAAAGAATGGAATCAAAGTTAACTTCAAAATTAGACACAACATTGAAGATGGAAGCGTTCAACTAGCAGACCATTATCAACAAAATACTCCAATTGGAGATGGCCCTGTCCTTTTACCAGACAACCATTACCTGTCCACACAATCTGCCCTTTCGAAAGATCCCAACGAAAAGAGAGATCACATGGTCCTTCTTGAGTTTGTAACAGCTGCTGGGATTACACATGGCATGGATGAACTATACAAATAG
243,1.01,1.04,1.02,1.03,1.01,1.02,1.0,0.98,0.97,0.96,0.96,0.96,0.94,0.96,0.96,0.95,0.96,0.96,0.97,0.98,0.99,1.01,1.03,1.05,1.06,1.08,1.11,1.14,1.15,1.16,1.15,1.15,1.14,1.13,1.13,1.12,1.1,1.08,1.05,1.03,1.01,1.01,1.0,8.19,Optimised,ATGTCGAAAGGTGAAGAACTTTTCACTGGT,19.59,ATGTCGAAAGGTGAAGAACTTTTCACTGGTGTTGTCCCAATTCTTGTTGAATTAGATGGTGATGTTAATGGGCACAAATTTTCTGTCAGTGGAGAGGGTGAAGGTGATGCAACATACGGAAAACTTACCCTTAAATTTATTTGCACTACTGGAAAACTACCTGTTCCATGGCCAACACTTGTCACTACTTTCTCTTATGGTGTTCAATGCTTTTCAAGATACCCAGATCATATGAAACGGCATGACTTTTTCAAGAGTGCCATGCCCGAAGGTTATGTACAGGAAAGAACTATATTTTTCAAAGATGACGGGAACTACAAGACACGTGCTGAAGTCAAGTTTGAAGGTGATACCCTTGTTAATAGAATCGAGTTAAAAGGTATTGATTTTAAAGAAGATGGAAACATTCTTGGACACAAATTGGAATACAACTATAACTCACACAATGTATACATCATGGCAGACAAACAAAAGAATGGAATCAAAGTTAACTTCAAAATTAGACACAACATTGAAGATGGAAGCGTTCAACTAGCAGACCATTATCAACAAAATACTCCAATTGGAGATGGCCCTGTCCTTTTACCAGACAACCATTACCTGTCCACACAATCTGCCCTTTCGAAAGATCCCAACGAAAAGAGAGATCACATGGTCCTTCTTGAGTTTGTAACAGCTGCTGGGATTACACATGGCATGGATGAACTATACAAATAG
247,1.1,1.12,1.1,1.11,1.1,1.12,1.09,1.1,1.09,1.1,1.09,1.1,1.11,1.14,1.16,1.17,1.21,1.24,1.32,1.39,1.49,1.58,1.69,1.79,1.9,1.99,2.12,2.23,2.35,2.42,2.5,2.58,2.63,2.68,2.71,2.76,2.76,2.78,2.78,2.84,2.84,2.89,2.9,72.76,Optimised,ATGTCCAAAGGAGAAGAACTATTCACCGGA,10.86,ATGTCCAAAGGAGAAGAACTATTCACCGGAGTTGTCCCAATTCTTGTTGAATTAGATGGTGATGTTAATGGGCACAAATTTTCTGTCAGTGGAGAGGGTGAAGGTGATGCAACATACGGAAAACTTACCCTTAAATTTATTTGCACTACTGGAAAACTACCTGTTCCATGGCCAACACTTGTCACTACTTTCTCTTATGGTGTTCAATGCTTTTCAAGATACCCAGATCATATGAAACGGCATGACTTTTTCAAGAGTGCCATGCCCGAAGGTTATGTACAGGAAAGAACTATATTTTTCAAAGATGACGGGAACTACAAGACACGTGCTGAAGTCAAGTTTGAAGGTGATACCCTTGTTAATAGAATCGAGTTAAAAGGTATTGATTTTAAAGAAGATGGAAACATTCTTGGACACAAATTGGAATACAACTATAACTCACACAATGTATACATCATGGCAGACAAACAAAAGAATGGAATCAAAGTTAACTTCAAAATTAGACACAACATTGAAGATGGAAGCGTTCAACTAGCAGACCATTATCAACAAAATACTCCAATTGGAGATGGCCCTGTCCTTTTACCAGACAACCATTACCTGTCCACACAATCTGCCCTTTCGAAAGATCCCAACGAAAAGAGAGATCACATGGTCCTTCTTGAGTTTGTAACAGCTGCTGGGATTACACATGGCATGGATGAACTATACAAATAG
