Type,First 30 nt,Opening Energy,Expression Score
Native,ATGAGTAAAGGAGAAGAACTTTTCACTGGA,11.68,62.89
Optimised,ATGTCGAAGGGTGAAGAACTCTTCACTGGT,21.68,5.78
Optimised,ATGAGTAAAGGGGAGGAACTCTTTACCGGG,20.37,7.07
Optimised,ATGTCGAAGGGCGAAGAACTCTTCACTGGT,18.8,9.67
Optimised,ATGTCTAAGGGTGAGGAGCTCTTCACGGGA,14.35,32.09
Optimised,ATGTCGAAAGGGGAAGAACTGTTCACCGGC,14.23,33.2
Optimised,ATGTCTAAAGGAGAAGAGCTTTTCACTGGG,13.77,37.81
Optimised,ATGAGTAAGGGTGAGGAATTATTCACGGGC,12.84,48.39
Optimised,ATGAGTAAAGGGGAAGAACTGTTCACTGGC,12.25,55.76
Optimised,ATGTCTAAGGGTGAGGAGCTCTTCACAGGA,12.08,57.84
Optimised,ATGAGTAAAGGAGAAGAGTTATTTACTGGA,11.08,70.16
Optimised,ATGAGTAAGGGAGAAGAGCTGTTCACTGGA,10.99,71.18
Optimised,ATGTCGAAAGGAGAAGAATTGTTCACGGGC,10.63,75.2
Optimised,ATGAGCAAAGGAGAAGAATTATTTACTGGA,7.41,95.43
Optimised,ATGAGCAAAGGAGAAGAATTATTTACGGGA,6.71,96.72
Optimised,ATGAGCAAAGGGGAAGAATTATTTACAGGT,5.56,97.75
Optimised,ATGAGTAAAGGGGAAGAACTCTTTACCGGG,20.37,7.07
Optimised,ATGTCGAAAGGTGAGGAACTATTCACTGGT,16.31,18.2
Optimised,ATGTCGAAGGGTGAAGAACTGTTCACTGGT,18.79,9.7
Optimised,ATGTCGAAGGGTGAAGAACTTTTCACTGGG,17.84,12.12
Optimised,ATGTCCAAAGGGGAGGAACTCTTTACGGGC,16.86,15.67
Optimised,ATGTCCAAAGGTGAAGAGCTTTTCACCGGG,15.8,21.09
Optimised,ATGTCGAAAGGTGAAGAGCTGTTCACCGGT,15.66,21.95
Optimised,ATGTCGAAAGGTGAGGAACTGTTCACTGGG,15.19,25.13
Optimised,ATGAGTAAGGGGGAGGAGCTCTTCACCGGA,14.92,27.23
Optimised,ATGAGTAAAGGGGAAGAGCTTTTCACCGGG,13.88,36.68
Optimised,ATGAGTAAAGGAGAAGAACTCTTTACCGGA,13.45,41.25
Optimised,ATGAGTAAAGGAGAAGAACTCTTCACCGGT,13.28,43.22
Optimised,ATGTCAAAGGGGGAAGAACTGTTCACAGGC,12.78,49.16
Optimised,ATGTCGAAAGGCGAGGAACTGTTCACTGGA,12.67,50.49
Optimised,ATGAGCAAGGGTGAAGAGTTATTCACTGGA,12.07,58.06
Optimised,ATGTCTAAAGGTGAAGAACTATTCACAGGG,11.87,60.55
Optimised,ATGTCTAAAGGTGAGGAGCTCTTCACAGGA,11.31,67.45
Optimised,ATGAGTAAGGGAGAGGAACTGTTCACAGGG,10.66,74.96
Optimised,ATGTCGAAAGGGGAAGAATTGTTCACTGGA,10.47,76.95
Optimised,ATGAGTAAGGGGGAGGAGCTGTTCACAGGA,10.32,78.49
Optimised,ATGAGTAAGGGAGAGGAATTGTTCACGGGT,9.66,84.36
Optimised,ATGAGTAAGGGAGAGGAACTTTTCACGGGA,9.48,85.75
Optimised,ATGAGTAAAGGAGAGGAGCTTTTCACAGGA,8.78,90.29
Optimised,ATGAGCAAAGGAGAAGAGTTATTTACAGGG,7.63,94.87
Optimised,ATGAGCAAAGGAGAGGAATTATTTACGGGC,7.2,95.89
Optimised,ATGAGTAAAGGGGAGGAACTCTTTACTGGT,21.17,6.21
Optimised,ATGTCGAAAGGTGAAGAACTTTTCACTGGT,19.59,8.19
Optimised,ATGAGCAAGGGAGAAGAGCTGTTCACTGGC,14.69,29.1
Optimised,ATGAGTAAGGGTGAGGAGTTATTCACGGGC,13.04,45.97
Optimised,ATGTCTAAAGGAGAAGAACTCTTCACAGGG,12.52,52.35
Optimised,ATGTCCAAAGGAGAAGAACTATTCACCGGA,10.86,72.76
Optimised,ATGAGCAAAGGAGAAGAACTATTCACGGGA,8.45,91.91
Optimised,ATGTCGAAGGGAGAAGAATTATTTACGGGA,8.02,93.64
