TIsigner ID,First 30 nt,pVD,Type,Company,Full Sequence,Opening Energy,Expression Score
RLuc-TI-001,ATGACATCGAAAGTATACGACCCAGAGCAG,pVD53,Optimised,,ATGACATCGAAAGTATACGACCCAGAGCAGAGGAAACGGATGATAACTGGTCCGCAGTGGTGGGCCAGATGTAAACAAATGAATGTTCTTGATTCATTTATTAATTATTATGATTCAGAAAAACATGCAGAAAATGCTGTTATTTTTTTACATGGTAACGCGGCCTCTTCTTATTTATGGCGACATGTTGTGCCACATATTGAGCCAGTAGCGCGGTGTATTATACCAGATCTTATTGGTATGGGCAAATCAGGCAAATCTGGTAATGGTTCTTATAGGTTACTTGATCATTACAAATATCTTACTGCATGGTTTGAACTTCTTAATTTACCAAAGAAGATCATTTTTGTCGGCCATGATTGGGGTGCTTGTTTGGCATTTCATTATAGCTATGAGCATCAAGATAAGATCAAAGCAATAGTTCACGCTGAAAGTGTAGTAGATGTGATTGAATCATGGGATGAATGGCCTGATATTGAAGAAGATATTGCGTTGATCAAATCTGAAGAAGGAGAAAAAATGGTTTTGGAGAATAACTTCTTCGTGGAAACCATGTTGCCATCAAAAATCATGAGAAAGTTAGAACCAGAAGAATTTGCAGCATATCTTGAACCATTCAAAGAGAAAGGTGAAGTTCGTCGTCCAACATTATCATGGCCTCGTGAAATCCCGTTAGTAAAAGGTGGTAAACCTGACGTTGTACAAATTGTTAGGAATTATAATGCTTATCTACGTGCAAGTGATGATTTACCAAAAATGTTTATTGAATCGGATCCAGGATTCTTTTCCAATGCTATTGTTGAAGGCGCCAAGAAGTTTCCTAATACTGAATTTGTCAAAGTAAAAGGTCTTCATTTTTCGCAAGAAGATGCACCTGATGAAATGGGAAAATATATCAAATCGTTCGTTGAGCGAGTTCTCAAAAATGAACAATAA,6.45,97.05
RLuc-TI-002,ATGACATCAAAAGTATACGACCCAGAGCAG,pVD54,Optimised,,ATGACATCAAAAGTATACGACCCAGAGCAGAGGAAACGGATGATAACTGGTCCGCAGTGGTGGGCCAGATGTAAACAAATGAATGTTCTTGATTCATTTATTAATTATTATGATTCAGAAAAACATGCAGAAAATGCTGTTATTTTTTTACATGGTAACGCGGCCTCTTCTTATTTATGGCGACATGTTGTGCCACATATTGAGCCAGTAGCGCGGTGTATTATACCAGATCTTATTGGTATGGGCAAATCAGGCAAATCTGGTAATGGTTCTTATAGGTTACTTGATCATTACAAATATCTTACTGCATGGTTTGAACTTCTTAATTTACCAAAGAAGATCATTTTTGTCGGCCATGATTGGGGTGCTTGTTTGGCATTTCATTATAGCTATGAGCATCAAGATAAGATCAAAGCAATAGTTCACGCTGAAAGTGTAGTAGATGTGATTGAATCATGGGATGAATGGCCTGATATTGAAGAAGATATTGCGTTGATCAAATCTGAAGAAGGAGAAAAAATGGTTTTGGAGAATAACTTCTTCGTGGAAACCATGTTGCCATCAAAAATCATGAGAAAGTTAGAACCAGAAGAATTTGCAGCATATCTTGAACCATTCAAAGAGAAAGGTGAAGTTCGTCGTCCAACATTATCATGGCCTCGTGAAATCCCGTTAGTAAAAGGTGGTAAACCTGACGTTGTACAAATTGTTAGGAATTATAATGCTTATCTACGTGCAAGTGATGATTTACCAAAAATGTTTATTGAATCGGATCCAGGATTCTTTTCCAATGCTATTGTTGAAGGCGCCAAGAAGTTTCCTAATACTGAATTTGTCAAAGTAAAAGGTCTTCATTTTTCGCAAGAAGATGCACCTGATGAAATGGGAAAATATATCAAATCGTTCGTTGAGCGAGTTCTCAAAAATGAACAATAA,5.77,97.63
RLuc-TI-003,ATGACAAGTAAAGTTTATGACCCAGAGCAG,pVD55,Optimised,,ATGACAAGTAAAGTTTATGACCCAGAGCAGAGGAAACGGATGATAACTGGTCCGCAGTGGTGGGCCAGATGTAAACAAATGAATGTTCTTGATTCATTTATTAATTATTATGATTCAGAAAAACATGCAGAAAATGCTGTTATTTTTTTACATGGTAACGCGGCCTCTTCTTATTTATGGCGACATGTTGTGCCACATATTGAGCCAGTAGCGCGGTGTATTATACCAGATCTTATTGGTATGGGCAAATCAGGCAAATCTGGTAATGGTTCTTATAGGTTACTTGATCATTACAAATATCTTACTGCATGGTTTGAACTTCTTAATTTACCAAAGAAGATCATTTTTGTCGGCCATGATTGGGGTGCTTGTTTGGCATTTCATTATAGCTATGAGCATCAAGATAAGATCAAAGCAATAGTTCACGCTGAAAGTGTAGTAGATGTGATTGAATCATGGGATGAATGGCCTGATATTGAAGAAGATATTGCGTTGATCAAATCTGAAGAAGGAGAAAAAATGGTTTTGGAGAATAACTTCTTCGTGGAAACCATGTTGCCATCAAAAATCATGAGAAAGTTAGAACCAGAAGAATTTGCAGCATATCTTGAACCATTCAAAGAGAAAGGTGAAGTTCGTCGTCCAACATTATCATGGCCTCGTGAAATCCCGTTAGTAAAAGGTGGTAAACCTGACGTTGTACAAATTGTTAGGAATTATAATGCTTATCTACGTGCAAGTGATGATTTACCAAAAATGTTTATTGAATCGGATCCAGGATTCTTTTCCAATGCTATTGTTGAAGGCGCCAAGAAGTTTCCTAATACTGAATTTGTCAAAGTAAAAGGTCTTCATTTTTCGCAAGAAGATGCACCTGATGAAATGGGAAAATATATCAAATCGTTCGTTGAGCGAGTTCTCAAAAATGAACAATAA,6.22,97.29
RLuc-TI-004,ATGACCAGCAAAGTTTATGACCCAGAGCAG,pVD56,Optimised,,ATGACCAGCAAAGTTTATGACCCAGAGCAGAGGAAACGGATGATAACTGGTCCGCAGTGGTGGGCCAGATGTAAACAAATGAATGTTCTTGATTCATTTATTAATTATTATGATTCAGAAAAACATGCAGAAAATGCTGTTATTTTTTTACATGGTAACGCGGCCTCTTCTTATTTATGGCGACATGTTGTGCCACATATTGAGCCAGTAGCGCGGTGTATTATACCAGATCTTATTGGTATGGGCAAATCAGGCAAATCTGGTAATGGTTCTTATAGGTTACTTGATCATTACAAATATCTTACTGCATGGTTTGAACTTCTTAATTTACCAAAGAAGATCATTTTTGTCGGCCATGATTGGGGTGCTTGTTTGGCATTTCATTATAGCTATGAGCATCAAGATAAGATCAAAGCAATAGTTCACGCTGAAAGTGTAGTAGATGTGATTGAATCATGGGATGAATGGCCTGATATTGAAGAAGATATTGCGTTGATCAAATCTGAAGAAGGAGAAAAAATGGTTTTGGAGAATAACTTCTTCGTGGAAACCATGTTGCCATCAAAAATCATGAGAAAGTTAGAACCAGAAGAATTTGCAGCATATCTTGAACCATTCAAAGAGAAAGGTGAAGTTCGTCGTCCAACATTATCATGGCCTCGTGAAATCCCGTTAGTAAAAGGTGGTAAACCTGACGTTGTACAAATTGTTAGGAATTATAATGCTTATCTACGTGCAAGTGATGATTTACCAAAAATGTTTATTGAATCGGATCCAGGATTCTTTTCCAATGCTATTGTTGAAGGCGCCAAGAAGTTTCCTAATACTGAATTTGTCAAAGTAAAAGGTCTTCATTTTTCGCAAGAAGATGCACCTGATGAAATGGGAAAATATATCAAATCGTTCGTTGAGCGAGTTCTCAAAAATGAACAATAA,6.36,97.15
RLuc-TI-005,ATGACAAGCAAAGTTTATGACCCAGAGCAG,pVD57,Optimised,,ATGACAAGCAAAGTTTATGACCCAGAGCAGAGGAAACGGATGATAACTGGTCCGCAGTGGTGGGCCAGATGTAAACAAATGAATGTTCTTGATTCATTTATTAATTATTATGATTCAGAAAAACATGCAGAAAATGCTGTTATTTTTTTACATGGTAACGCGGCCTCTTCTTATTTATGGCGACATGTTGTGCCACATATTGAGCCAGTAGCGCGGTGTATTATACCAGATCTTATTGGTATGGGCAAATCAGGCAAATCTGGTAATGGTTCTTATAGGTTACTTGATCATTACAAATATCTTACTGCATGGTTTGAACTTCTTAATTTACCAAAGAAGATCATTTTTGTCGGCCATGATTGGGGTGCTTGTTTGGCATTTCATTATAGCTATGAGCATCAAGATAAGATCAAAGCAATAGTTCACGCTGAAAGTGTAGTAGATGTGATTGAATCATGGGATGAATGGCCTGATATTGAAGAAGATATTGCGTTGATCAAATCTGAAGAAGGAGAAAAAATGGTTTTGGAGAATAACTTCTTCGTGGAAACCATGTTGCCATCAAAAATCATGAGAAAGTTAGAACCAGAAGAATTTGCAGCATATCTTGAACCATTCAAAGAGAAAGGTGAAGTTCGTCGTCCAACATTATCATGGCCTCGTGAAATCCCGTTAGTAAAAGGTGGTAAACCTGACGTTGTACAAATTGTTAGGAATTATAATGCTTATCTACGTGCAAGTGATGATTTACCAAAAATGTTTATTGAATCGGATCCAGGATTCTTTTCCAATGCTATTGTTGAAGGCGCCAAGAAGTTTCCTAATACTGAATTTGTCAAAGTAAAAGGTCTTCATTTTTCGCAAGAAGATGCACCTGATGAAATGGGAAAATATATCAAATCGTTCGTTGAGCGAGTTCTCAAAAATGAACAATAA,6.38,97.12
RLuc-TI-006,ATGACTTCGAAAGTTTATGATCCAGAACAG,pVD58,Optimised,,ATGACTTCGAAAGTTTATGATCCAGAACAGAGGAAACGGATGATAACTGGTCCGCAGTGGTGGGCCAGATGTAAACAAATGAATGTTCTTGATTCATTTATTAATTATTATGATTCAGAAAAACATGCAGAAAATGCTGTTATTTTTTTACATGGTAACGCGGCCTCTTCTTATTTATGGCGACATGTTGTGCCACATATTGAGCCAGTAGCGCGGTGTATTATACCAGATCTTATTGGTATGGGCAAATCAGGCAAATCTGGTAATGGTTCTTATAGGTTACTTGATCATTACAAATATCTTACTGCATGGTTTGAACTTCTTAATTTACCAAAGAAGATCATTTTTGTCGGCCATGATTGGGGTGCTTGTTTGGCATTTCATTATAGCTATGAGCATCAAGATAAGATCAAAGCAATAGTTCACGCTGAAAGTGTAGTAGATGTGATTGAATCATGGGATGAATGGCCTGATATTGAAGAAGATATTGCGTTGATCAAATCTGAAGAAGGAGAAAAAATGGTTTTGGAGAATAACTTCTTCGTGGAAACCATGTTGCCATCAAAAATCATGAGAAAGTTAGAACCAGAAGAATTTGCAGCATATCTTGAACCATTCAAAGAGAAAGGTGAAGTTCGTCGTCCAACATTATCATGGCCTCGTGAAATCCCGTTAGTAAAAGGTGGTAAACCTGACGTTGTACAAATTGTTAGGAATTATAATGCTTATCTACGTGCAAGTGATGATTTACCAAAAATGTTTATTGAATCGGATCCAGGATTCTTTTCCAATGCTATTGTTGAAGGCGCCAAGAAGTTTCCTAATACTGAATTTGTCAAAGTAAAAGGTCTTCATTTTTCGCAAGAAGATGCACCTGATGAAATGGGAAAATATATCAAATCGTTCGTTGAGCGAGTTCTCAAAAATGAACAATAA,10.13,80.31
RLuc-TI-007,ATGACATCAAAAGTTTATGATCCAGAACAA,pVD59,Optimised,,ATGACATCAAAAGTTTATGATCCAGAACAAAGGAAACGGATGATAACTGGTCCGCAGTGGTGGGCCAGATGTAAACAAATGAATGTTCTTGATTCATTTATTAATTATTATGATTCAGAAAAACATGCAGAAAATGCTGTTATTTTTTTACATGGTAACGCGGCCTCTTCTTATTTATGGCGACATGTTGTGCCACATATTGAGCCAGTAGCGCGGTGTATTATACCAGATCTTATTGGTATGGGCAAATCAGGCAAATCTGGTAATGGTTCTTATAGGTTACTTGATCATTACAAATATCTTACTGCATGGTTTGAACTTCTTAATTTACCAAAGAAGATCATTTTTGTCGGCCATGATTGGGGTGCTTGTTTGGCATTTCATTATAGCTATGAGCATCAAGATAAGATCAAAGCAATAGTTCACGCTGAAAGTGTAGTAGATGTGATTGAATCATGGGATGAATGGCCTGATATTGAAGAAGATATTGCGTTGATCAAATCTGAAGAAGGAGAAAAAATGGTTTTGGAGAATAACTTCTTCGTGGAAACCATGTTGCCATCAAAAATCATGAGAAAGTTAGAACCAGAAGAATTTGCAGCATATCTTGAACCATTCAAAGAGAAAGGTGAAGTTCGTCGTCCAACATTATCATGGCCTCGTGAAATCCCGTTAGTAAAAGGTGGTAAACCTGACGTTGTACAAATTGTTAGGAATTATAATGCTTATCTACGTGCAAGTGATGATTTACCAAAAATGTTTATTGAATCGGATCCAGGATTCTTTTCCAATGCTATTGTTGAAGGCGCCAAGAAGTTTCCTAATACTGAATTTGTCAAAGTAAAAGGTCTTCATTTTTCGCAAGAAGATGCACCTGATGAAATGGGAAAATATATCAAATCGTTCGTTGAGCGAGTTCTCAAAAATGAACAATAA,10.38,77.87
RLuc-TI-008,ATGACGTCGAAAGTTTACGATCCAGAACAA,pVD60,Optimised,,ATGACGTCGAAAGTTTACGATCCAGAACAAAGGAAACGGATGATAACTGGTCCGCAGTGGTGGGCCAGATGTAAACAAATGAATGTTCTTGATTCATTTATTAATTATTATGATTCAGAAAAACATGCAGAAAATGCTGTTATTTTTTTACATGGTAACGCGGCCTCTTCTTATTTATGGCGACATGTTGTGCCACATATTGAGCCAGTAGCGCGGTGTATTATACCAGATCTTATTGGTATGGGCAAATCAGGCAAATCTGGTAATGGTTCTTATAGGTTACTTGATCATTACAAATATCTTACTGCATGGTTTGAACTTCTTAATTTACCAAAGAAGATCATTTTTGTCGGCCATGATTGGGGTGCTTGTTTGGCATTTCATTATAGCTATGAGCATCAAGATAAGATCAAAGCAATAGTTCACGCTGAAAGTGTAGTAGATGTGATTGAATCATGGGATGAATGGCCTGATATTGAAGAAGATATTGCGTTGATCAAATCTGAAGAAGGAGAAAAAATGGTTTTGGAGAATAACTTCTTCGTGGAAACCATGTTGCCATCAAAAATCATGAGAAAGTTAGAACCAGAAGAATTTGCAGCATATCTTGAACCATTCAAAGAGAAAGGTGAAGTTCGTCGTCCAACATTATCATGGCCTCGTGAAATCCCGTTAGTAAAAGGTGGTAAACCTGACGTTGTACAAATTGTTAGGAATTATAATGCTTATCTACGTGCAAGTGATGATTTACCAAAAATGTTTATTGAATCGGATCCAGGATTCTTTTCCAATGCTATTGTTGAAGGCGCCAAGAAGTTTCCTAATACTGAATTTGTCAAAGTAAAAGGTCTTCATTTTTCGCAAGAAGATGCACCTGATGAAATGGGAAAATATATCAAATCGTTCGTTGAGCGAGTTCTCAAAAATGAACAATAA,9.9,82.37
RLuc-TI-009,ATGACATCGAAAGTTTACGATCCAGAACAA,pVD61,Optimised,,ATGACATCGAAAGTTTACGATCCAGAACAAAGGAAACGGATGATAACTGGTCCGCAGTGGTGGGCCAGATGTAAACAAATGAATGTTCTTGATTCATTTATTAATTATTATGATTCAGAAAAACATGCAGAAAATGCTGTTATTTTTTTACATGGTAACGCGGCCTCTTCTTATTTATGGCGACATGTTGTGCCACATATTGAGCCAGTAGCGCGGTGTATTATACCAGATCTTATTGGTATGGGCAAATCAGGCAAATCTGGTAATGGTTCTTATAGGTTACTTGATCATTACAAATATCTTACTGCATGGTTTGAACTTCTTAATTTACCAAAGAAGATCATTTTTGTCGGCCATGATTGGGGTGCTTGTTTGGCATTTCATTATAGCTATGAGCATCAAGATAAGATCAAAGCAATAGTTCACGCTGAAAGTGTAGTAGATGTGATTGAATCATGGGATGAATGGCCTGATATTGAAGAAGATATTGCGTTGATCAAATCTGAAGAAGGAGAAAAAATGGTTTTGGAGAATAACTTCTTCGTGGAAACCATGTTGCCATCAAAAATCATGAGAAAGTTAGAACCAGAAGAATTTGCAGCATATCTTGAACCATTCAAAGAGAAAGGTGAAGTTCGTCGTCCAACATTATCATGGCCTCGTGAAATCCCGTTAGTAAAAGGTGGTAAACCTGACGTTGTACAAATTGTTAGGAATTATAATGCTTATCTACGTGCAAGTGATGATTTACCAAAAATGTTTATTGAATCGGATCCAGGATTCTTTTCCAATGCTATTGTTGAAGGCGCCAAGAAGTTTCCTAATACTGAATTTGTCAAAGTAAAAGGTCTTCATTTTTCGCAAGAAGATGCACCTGATGAAATGGGAAAATATATCAAATCGTTCGTTGAGCGAGTTCTCAAAAATGAACAATAA,9.93,82.11
RLuc-TI-010,ATGACCTCGAAAGTTTATGACCCAGAACAA,pVD62,Optimised,,ATGACCTCGAAAGTTTATGACCCAGAACAAAGGAAACGGATGATAACTGGTCCGCAGTGGTGGGCCAGATGTAAACAAATGAATGTTCTTGATTCATTTATTAATTATTATGATTCAGAAAAACATGCAGAAAATGCTGTTATTTTTTTACATGGTAACGCGGCCTCTTCTTATTTATGGCGACATGTTGTGCCACATATTGAGCCAGTAGCGCGGTGTATTATACCAGATCTTATTGGTATGGGCAAATCAGGCAAATCTGGTAATGGTTCTTATAGGTTACTTGATCATTACAAATATCTTACTGCATGGTTTGAACTTCTTAATTTACCAAAGAAGATCATTTTTGTCGGCCATGATTGGGGTGCTTGTTTGGCATTTCATTATAGCTATGAGCATCAAGATAAGATCAAAGCAATAGTTCACGCTGAAAGTGTAGTAGATGTGATTGAATCATGGGATGAATGGCCTGATATTGAAGAAGATATTGCGTTGATCAAATCTGAAGAAGGAGAAAAAATGGTTTTGGAGAATAACTTCTTCGTGGAAACCATGTTGCCATCAAAAATCATGAGAAAGTTAGAACCAGAAGAATTTGCAGCATATCTTGAACCATTCAAAGAGAAAGGTGAAGTTCGTCGTCCAACATTATCATGGCCTCGTGAAATCCCGTTAGTAAAAGGTGGTAAACCTGACGTTGTACAAATTGTTAGGAATTATAATGCTTATCTACGTGCAAGTGATGATTTACCAAAAATGTTTATTGAATCGGATCCAGGATTCTTTTCCAATGCTATTGTTGAAGGCGCCAAGAAGTTTCCTAATACTGAATTTGTCAAAGTAAAAGGTCTTCATTTTTCGCAAGAAGATGCACCTGATGAAATGGGAAAATATATCAAATCGTTCGTTGAGCGAGTTCTCAAAAATGAACAATAA,9.55,85.25
RLuc-001(Native),ATGACTTCGAAAGTTTATGATCCAGAACAA,pVD26,Native,,ATGACTTCGAAAGTTTATGATCCAGAACAAAGGAAACGGATGATAACTGGTCCGCAGTGGTGGGCCAGATGTAAACAAATGAATGTTCTTGATTCATTTATTAATTATTATGATTCAGAAAAACATGCAGAAAATGCTGTTATTTTTTTACATGGTAACGCGGCCTCTTCTTATTTATGGCGACATGTTGTGCCACATATTGAGCCAGTAGCGCGGTGTATTATACCAGATCTTATTGGTATGGGCAAATCAGGCAAATCTGGTAATGGTTCTTATAGGTTACTTGATCATTACAAATATCTTACTGCATGGTTTGAACTTCTTAATTTACCAAAGAAGATCATTTTTGTCGGCCATGATTGGGGTGCTTGTTTGGCATTTCATTATAGCTATGAGCATCAAGATAAGATCAAAGCAATAGTTCACGCTGAAAGTGTAGTAGATGTGATTGAATCATGGGATGAATGGCCTGATATTGAAGAAGATATTGCGTTGATCAAATCTGAAGAAGGAGAAAAAATGGTTTTGGAGAATAACTTCTTCGTGGAAACCATGTTGCCATCAAAAATCATGAGAAAGTTAGAACCAGAAGAATTTGCAGCATATCTTGAACCATTCAAAGAGAAAGGTGAAGTTCGTCGTCCAACATTATCATGGCCTCGTGAAATCCCGTTAGTAAAAGGTGGTAAACCTGACGTTGTACAAATTGTTAGGAATTATAATGCTTATCTACGTGCAAGTGATGATTTACCAAAAATGTTTATTGAATCGGATCCAGGATTCTTTTCCAATGCTATTGTTGAAGGCGCCAAGAAGTTTCCTAATACTGAATTTGTCAAAGTAAAAGGTCTTCATTTTTCGCAAGAAGATGCACCTGATGAAATGGGAAAATATATCAAATCGTTCGTTGAGCGAGTTCTCAAAAATGAACAATAA,13.15,44.74
RLuc-002(GeneArt),ATGACCAGCAAAGTTTATGATCCGGAACAG,pVD27,Commercial,GeneArt,ATGACCAGCAAAGTTTATGATCCGGAACAGCGTAAACGTATGATTACCGGTCCGCAGTGGTGGGCACGTTGTAAACAAATGAATGTTCTGGATAGCTTCATCAACTATTACGACAGCGAAAAACATGCCGAAAACGCCGTTATTTTTCTGCATGGTAATGCAGCAAGCAGCTATCTGTGGCGTCATGTTGTTCCGCATATTGAACCGGTTGCGCGTTGTATTATTCCGGATCTGATTGGTATGGGTAAAAGCGGTAAATCAGGTAATGGTAGCTATCGTCTGCTGGATCATTACAAATATCTGACCGCATGGTTTGAACTGCTGAATCTGCCGAAAAAAATCATCTTTGTGGGTCATGATTGGGGTGCATGTCTGGCATTTCATTATAGCTATGAACACCAGGACAAAATCAAAGCCATTGTTCATGCGGAAAGCGTTGTTGATGTTATTGAAAGCTGGGATGAATGGCCTGATATCGAAGAAGATATTGCCCTGATTAAAAGCGAAGAGGGTGAAAAAATGGTGCTGGAAAACAACTTTTTCGTGGAAACCATGCTGCCGAGCAAAATTATGCGTAAACTGGAACCGGAAGAATTTGCAGCATATCTGGAACCGTTTAAAGAAAAAGGTGAAGTTCGTCGTCCGACACTGAGCTGGCCTCGTGAAATTCCGCTGGTTAAAGGTGGTAAACCGGATGTTGTTCAGATTGTGCGTAACTATAATGCATATCTGCGTGCAAGTGATGACCTGCCTAAAATGTTTATCGAAAGCGATCCGGGTTTTTTTAGCAATGCAATTGTTGAAGGTGCCAAGAAATTTCCGAATACCGAATTCGTTAAAGTGAAAGGCCTGCACTTTAGCCAAGAGGATGCACCGGATGAAATGGGCAAATATATCAAAAGCTTTGTGGAACGCGTGCTGAAAAACGAACAGTAA,9.79,83.34
RLuc-003(IDT),ATGACGTCCAAGGTTTACGATCCTGAGCAG,pVD31,Commercial,IDT,ATGACGTCCAAGGTTTACGATCCTGAGCAGCGTAAGCGGATGATAACTGGGCCTCAGTGGTGGGCTCGCTGTAAGCAGATGAACGTGTTGGATTCCTTCATAAACTATTACGATAGCGAGAAGCACGCCGAGAATGCTGTGATATTCCTTCATGGTAACGCGGCTAGTTCTTATTTATGGCGGCACGTTGTACCCCATATTGAGCCGGTCGCTAGATGTATCATTCCAGACTTGATAGGGATGGGTAAGAGTGGCAAATCCGGTAACGGTTCGTATAGACTGTTAGATCACTACAAGTACTTGACTGCTTGGTTCGAGCTTCTTAATCTGCCGAAAAAAATCATATTCGTCGGCCATGACTGGGGGGCATGCCTTGCGTTTCATTATTCGTACGAGCATCAAGATAAAATTAAGGCTATAGTGCATGCTGAGAGCGTGGTAGATGTTATAGAGTCATGGGACGAATGGCCTGATATCGAAGAAGATATCGCCTTAATTAAATCAGAAGAGGGCGAGAAGATGGTGTTAGAGAACAACTTTTTCGTCGAGACAATGCTTCCATCAAAGATTATGCGTAAACTTGAACCGGAGGAATTTGCTGCATACTTAGAGCCATTCAAGGAGAAAGGTGAAGTACGCCGCCCAACGTTATCTTGGCCCCGCGAGATACCGCTTGTTAAGGGTGGTAAACCTGATGTGGTACAGATAGTGCGCAACTATAACGCTTATTTACGTGCATCGGACGACTTACCAAAGATGTTTATCGAATCCGATCCCGGCTTTTTCAGTAACGCTATCGTCGAAGGTGCGAAGAAATTTCCGAACACTGAGTTTGTTAAGGTTAAGGGTCTTCACTTCTCACAAGAAGACGCACCGGATGAAATGGGCAAATATATCAAATCATTCGTAGAAAGAGTCCTGAAGAACGAGCAGTAA,11.18,68.97
RLuc-004(Epoch),ATGACCAGCAAAGTGTATGATCCGGAACAG,pVD32,Commercial,Epoch,ATGACCAGCAAAGTGTATGATCCGGAACAGCGCAAACGCATGATTACCGGCCCGCAGTGGTGGGCGCGCTGCAAACAGATGAACGTGCTGGATAGCTTTATTAACTATTATGATAGCGAAAAACATGCGGAAAACGCGGTGATTTTTCTGCATGGCAACGCGGCGAGCAGCTATCTGTGGCGTCATGTGGTGCCGCATATTGAACCAGTGGCGCGCTGCATTATTCCGGATCTGATTGGCATGGGCAAAAGCGGCAAAAGCGGCAACGGCAGCTATCGCCTGCTGGATCATTATAAATATCTGACCGCGTGGTTTGAACTGCTGAACCTGCCGAAAAAAATTATTTTTGTGGGCCATGATTGGGGCGCGTGCCTGGCGTTTCATTATAGCTATGAACATCAGGATAAAATTAAAGCGATTGTGCACGCGGAAAGCGTGGTGGATGTGATTGAAAGCTGGGATGAATGGCCGGATATTGAAGAAGATATTGCGCTGATTAAAAGCGAAGAAGGCGAAAAAATGGTGCTGGAAAACAACTTTTTTGTGGAAACCATGCTGCCGAGCAAAATTATGCGCAAACTGGAACCGGAAGAATTTGCGGCGTATCTGGAACCGTTTAAAGAAAAAGGCGAAGTGCGCCGCCCGACCCTGAGCTGGCCGCGCGAAATTCCGCTGGTGAAAGGCGGCAAACCGGATGTGGTCCAGATTGTGCGCAACTATAACGCGTATCTGCGCGCGAGCGATGATCTGCCGAAAATGTTTATTGAAAGCGATCCGGGCTTTTTTAGCAACGCGATTGTGGAAGGCGCGAAAAAATTTCCGAACACCGAATTTGTGAAAGTGAAGGGCCTGCATTTTAGCCAGGAAGATGCGCCGGATGAAATGGGCAAATATATTAAGAGCTTTGTGGAACGCGTGCTGAAAAACGAACAGTAA,9.74,83.72
RLuc-005(GenScript),ATGACCAGCAAAGTGTATGACCCGGAACAA,pVD33,Commercial,GenScript,ATGACCAGCAAAGTGTATGACCCGGAACAACGCAAACGCATGATTACCGGCCCGCAATGGTGGGCGCGCTGCAAACAGATGAATGTGCTGGATAGCTTTATCAACTACTATGACAGCGAGAAGCACGCGGAAAACGCGGTGATTTTCCTGCACGGTAACGCGGCGAGCAGCTACCTGTGGCGTCACGTGGTTCCGCACATCGAGCCGGTTGCGCGTTGCATCATTCCGGATCTGATTGGTATGGGCAAGAGCGGCAAAAGCGGTAACGGCAGCTATCGTCTGCTGGACCACTACAAATATCTGACCGCGTGGTTCGAACTGCTGAACCTGCCGAAGAAAATCATTTTTGTTGGTCATGATTGGGGCGCGTGCCTGGCGTTCCACTACAGCTATGAGCACCAGGATAAGATCAAAGCGATTGTGCACGCGGAAAGCGTGGTTGACGTTATCGAGAGCTGGGACGAATGGCCGGATATTGAGGAAGACATCGCGCTGATTAAGAGCGAGGAAGGTGAAAAAATGGTGCTGGAAAACAACTTCTTTGTGGAAACCATGCTGCCGAGCAAGATCATGCGTAAACTGGAGCCGGAGGAATTCGCGGCGTACCTGGAACCGTTTAAGGAGAAAGGCGAAGTGCGTCGTCCGACCCTGAGCTGGCCGCGTGAAATCCCGCTGGTGAAGGGTGGCAAACCGGATGTGGTTCAGATTGTTCGTAACTACAACGCGTATCTGCGTGCGAGCGACGATCTGCCGAAGATGTTTATCGAGAGCGACCCGGGTTTCTTTAGCAACGCGATTGTTGAGGGCGCGAAGAAATTCCCGAACACCGAATTTGTGAAGGTTAAAGGTCTGCACTTCAGCCAAGAAGACGCGCCGGACGAAATGGGTAAATACATCAAGAGCTTTGTGGAGCGTGTGCTGAAAAATGAACAGTAA,9.63,84.64
RLuc-006(ATUM),ATGACCTCCAAAGTCTATGACCCTGAACAA,pVD34,Commercial,ATUM,ATGACCTCCAAAGTCTATGACCCTGAACAACGTAAACGCATGATTACCGGCCCACAGTGGTGGGCGCGTTGCAAACAGATGAATGTGCTGGATAGCTTCATCAACTACTACGATAGCGAGAAACACGCGGAAAATGCTGTGATTTTCCTGCACGGTAACGCCGCGAGCTCTTACTTGTGGCGCCATGTTGTCCCGCATATTGAACCGGTTGCACGCTGCATCATTCCGGACCTGATCGGTATGGGTAAGAGCGGCAAGAGCGGTAACGGCAGCTACCGTCTGCTCGACCACTACAAGTATCTGACGGCATGGTTCGAACTGCTGAATCTGCCGAAGAAAATCATCTTTGTCGGCCACGATTGGGGTGCCTGTCTGGCATTCCATTATAGCTATGAGCATCAAGACAAAATCAAAGCGATTGTCCACGCGGAGAGCGTTGTTGACGTGATCGAGAGCTGGGACGAGTGGCCGGATATTGAAGAAGATATTGCCTTGATCAAGTCCGAAGAGGGCGAGAAAATGGTTCTGGAGAATAACTTCTTCGTGGAAACCATGCTGCCGTCCAAGATCATGCGTAAATTGGAGCCGGAAGAATTTGCAGCGTATCTGGAGCCGTTTAAAGAGAAAGGTGAAGTCCGTCGTCCGACGCTGAGCTGGCCACGCGAGATTCCGCTGGTTAAGGGTGGTAAGCCTGACGTCGTGCAAATCGTGCGTAACTACAATGCCTACTTACGTGCAAGCGACGATCTGCCGAAAATGTTCATTGAGTCTGATCCGGGTTTCTTTAGCAACGCGATTGTTGAGGGTGCTAAAAAGTTTCCGAACACCGAGTTTGTTAAGGTCAAGGGCCTGCACTTCAGCCAGGAAGATGCGCCGGACGAAATGGGCAAGTACATCAAGTCGTTTGTGGAGCGCGTCCTGAAAAATGAGCAGTAA,7.73,94.57
